Atom Index Start,Atom Index End,Protein #1 Energy Score,Protein #2 Energy Score,Energy Score Difference
0,50,17,4,14
1,51,378546,380269,-1723
2,52,464305,476532,-12227
3,53,508547,520831,-12284
4,54,498094,509397,-11303
5,55,559538,571564,-12025
6,56,566530,577726,-11196
7,57,574949,586237,-11288
8,58,550376,563676,-13300
9,59,566360,578031,-11671
10,60,544125,556421,-12296
11,61,529570,541091,-11521
12,62,548617,560908,-12291
13,63,539186,550333,-11147
14,64,544027,555143,-11115
15,65,537128,546822,-9695
16,66,538441,548089,-9647
17,67,504512,514102,-9589
18,68,504477,514077,-9599
19,69,481185,492408,-11223
20,70,481197,492416,-11219
21,71,485617,497030,-11413
22,72,478569,487428,-8859
23,73,482874,492435,-9560
24,74,478883,482411,-3528
25,75,477843,481416,-3574
26,76,439593,445778,-6186
27,77,439580,445764,-6184
28,78,445444,451605,-6162
29,79,436478,442646,-6168
30,80,435006,441554,-6549
31,81,439778,445685,-5907
32,82,443900,450593,-6694
33,83,468894,474883,-5988
34,84,475696,481690,-5995
35,85,479235,485204,-5968
36,86,490197,496086,-5889
37,87,496815,501361,-4546
38,88,483841,488355,-4515
39,89,448019,452037,-4018
40,90,454281,457359,-3077
41,91,458427,462544,-4117
42,92,483508,486377,-2868
43,93,490321,493197,-2876
44,94,493973,496549,-2576
45,95,501951,504553,-2603
46,96,506839,508848,-2009
47,97,498998,500991,-1993
48,98,463451,465391,-1940
49,99,469657,471821,-2164
50,100,426443,429604,-3160
51,101,440692,443237,-2544
52,102,406848,409452,-2604
53,103,405580,408123,-2543
54,104,396366,398969,-2604
55,105,397045,399733,-2688
56,106,382082,384809,-2727
57,107,370518,373474,-2955
58,108,375939,379802,-3863
59,109,380766,384766,-4000
60,110,399810,404218,-4408
61,111,406603,411038,-4435
62,112,418737,423341,-4604
63,113,427088,431417,-4330
64,114,399129,401775,-2646
65,115,409774,412464,-2690
66,116,452259,454979,-2720
67,117,466911,469689,-2778
68,118,466906,469684,-2778
69,119,467100,469699,-2599
70,120,474906,476767,-1860
71,121,470745,471215,-469
72,122,481469,484684,-3215
73,123,456183,460127,-3944
74,124,456166,460108,-3942
75,125,459826,464307,-4480
76,126,465952,470269,-4317
77,127,469579,474906,-5326
78,128,492423,494422,-2000
79,129,500233,502185,-1952
80,130,502370,504282,-1911
81,131,515638,517554,-1916
82,132,494866,497291,-2425
83,133,528655,531142,-2487
84,134,517686,520253,-2567
85,135,534138,534797,-660
86,136,534130,534789,-659
87,137,544110,544242,-132
88,138,561849,562906,-1057
89,139,564415,568722,-4307
90,140,581212,585953,-4741
91,141,550299,556206,-5907
92,142,556971,562803,-5832
93,143,563762,569691,-5929
94,144,577866,583782,-5916
95,145,592986,598801,-5815
96,146,588895,594007,-5112
97,147,602243,609274,-7031
98,148,611613,617674,-6060
99,149,618468,624703,-6235
100,150,602419,608183,-5764
101,151,611393,617183,-5790
102,152,604475,610280,-5805
103,153,613406,619221,-5815
104,154,618968,624817,-5848
105,155,614088,619663,-5575
106,156,614086,619665,-5579
107,157,603850,608390,-4541
108,158,611959,616452,-4492
109,159,573806,577840,-4035
110,160,577660,582258,-4598
111,161,541089,545952,-4862
112,162,534138,540544,-6405
113,163,546983,553889,-6906
114,164,532387,539360,-6973
115,165,511206,518110,-6904
116,166,526497,533161,-6663
117,167,521892,528532,-6640
118,168,525862,533665,-7802
119,169,519201,528092,-8890
120,170,523436,532817,-9380
121,171,510272,514559,-4286
122,172,519219,523540,-4321
123,173,522208,525966,-3758
124,174,550052,553589,-3537
125,175,554928,557674,-2746
126,176,547088,549876,-2788
127,177,503657,511301,-7644
128,178,518889,526252,-7362
129,179,479772,486985,-7213
130,180,475951,483593,-7642
131,181,474674,484474,-9800
132,182,474379,486018,-11639
133,183,499179,511323,-12144
134,184,505870,517994,-12123
135,185,514717,526479,-11762
136,186,528783,540643,-11860
137,187,512840,520596,-7756
138,188,503884,511596,-7712
139,189,478869,488473,-9605
140,190,496571,505607,-9036
141,191,503484,514673,-11189
142,192,491128,503267,-12140
143,193,497760,509918,-12157
144,194,520551,532693,-12142
145,195,521464,531624,-10160
146,196,535657,547130,-11473
147,197,502134,513276,-11143
148,198,497328,509219,-11891
149,199,462243,475065,-12822
150,200,466752,479803,-13051
151,201,482086,493619,-11533
152,202,481095,492599,-11504
153,203,480609,492096,-11487
154,204,480607,492093,-11486
155,205,494989,506491,-11502
156,206,494978,506475,-11497
157,207,507784,520863,-13079
158,208,523709,537152,-13443
159,209,537047,552094,-15047
160,210,553302,566675,-13373
161,211,555565,568856,-13291
162,212,525784,538815,-13031
163,213,534737,547764,-13027
164,214,540330,553413,-13083
165,215,540327,553404,-13077
166,216,536358,548259,-11900
167,217,536360,548253,-11892
168,218,541268,552658,-11390
169,219,532283,543641,-11358
170,220,504790,520698,-15908
171,221,522365,541311,-18945
172,222,528629,548945,-20316
173,223,511940,529439,-17499
174,224,520901,538405,-17504
175,225,529912,547386,-17474
176,226,538909,556337,-17428
177,227,544458,561925,-17467
178,228,529291,546477,-17186
179,229,529285,546479,-17194
180,230,496986,510123,-13138
181,231,505287,518363,-13076
182,232,465639,478061,-12423
183,233,469995,482910,-12914
184,234,438855,451442,-12586
185,235,443186,455972,-12785
186,236,468171,480228,-12057
187,237,463446,473222,-9776
188,238,470106,479879,-9773
189,239,466351,474475,-8124
190,240,474347,482556,-8208
191,241,435800,441637,-5837
192,242,435792,441626,-5834
193,243,413447,418921,-5474
194,244,413441,418918,-5476
195,245,417696,423218,-5522
196,246,418194,422248,-4054
197,247,422839,426936,-4097
198,248,437491,441348,-3857
199,249,431302,435144,-3842
200,250,400540,405927,-5387
201,251,411423,416861,-5437
202,252,425903,430329,-4427
203,253,425931,430359,-4429
204,254,438942,443594,-4652
205,255,445211,449053,-3842
206,256,457744,463112,-5368
207,257,450573,452438,-1865
208,258,450564,452506,-1942
209,259,418753,420805,-2053
210,260,427706,429830,-2124
211,261,424284,426381,-2097
212,262,415312,417413,-2101
213,263,409732,411794,-2062
214,264,409775,411834,-2059
215,265,424704,427052,-2348
216,266,424690,427041,-2351
217,267,428882,431714,-2832
218,268,420102,421525,-1423
219,269,424519,425915,-1396
220,270,418302,415321,2981
221,271,417277,414355,2922
222,272,384585,384717,-132
223,273,399028,398974,53
224,274,390037,390016,21
225,275,385288,385575,-287
226,276,386012,385989,23
227,277,390543,390948,-405
228,278,414789,415116,-327
229,279,421572,421877,-305
230,280,429536,429862,-326
231,281,433153,432990,162
232,282,447494,448041,-547
233,283,437417,438187,-769
234,284,432480,434054,-1574
235,285,398860,401985,-3125
236,286,403151,406408,-3258
237,287,421510,423661,-2151
238,288,388237,390400,-2162
239,289,394918,397072,-2154
240,290,422617,424705,-2088
241,291,437187,439291,-2104
242,292,437176,439282,-2105
243,293,432954,435008,-2054
244,294,447522,449909,-2387
245,295,438202,441265,-3063
246,296,436165,440961,-4796
247,297,417523,419214,-1692
248,298,430816,432831,-2016
249,299,445708,448032,-2324
250,300,452389,454669,-2280
251,301,475155,477401,-2246
252,302,476341,478323,-1982
253,303,491527,492728,-1201
254,304,459916,458818,1098
255,305,455678,454211,1467
256,306,421626,421301,325
257,307,426294,425938,356
258,308,441430,442267,-837
259,309,446270,447766,-1497
260,310,440702,442183,-1480
261,311,445825,447864,-2039
262,312,451237,453197,-1961
263,313,476343,478653,-2310
264,314,490275,493095,-2820
265,315,486078,488421,-2343
266,316,490061,492934,-2873
267,317,488196,490981,-2785
268,318,476625,479928,-3303
269,319,463322,466822,-3500
270,320,478435,481842,-3407
271,321,478399,481803,-3404
272,322,483375,487770,-4395
273,323,484228,488954,-4726
274,324,509838,512880,-3042
275,325,513562,516339,-2777
276,326,506712,509505,-2793
277,327,473574,475977,-2403
278,328,483460,481735,1725
279,329,493760,492276,1484
280,330,508164,507320,844
281,331,508152,507308,843
282,332,514412,517731,-3319
283,333,533880,538601,-4721
284,334,542555,543811,-1257
285,335,548976,559936,-10960
286,336,516018,527736,-11718
287,337,538571,550453,-11882
288,338,546039,557911,-11873
289,339,520756,530535,-9779
290,340,520726,530501,-9775
291,341,534352,545853,-11501
292,342,550016,567689,-17673
293,343,565698,582462,-16764
294,344,574390,593730,-19340
295,345,583411,602740,-19329
296,346,559207,582270,-23063
297,347,561473,584603,-23130
298,348,526138,549706,-23567
299,349,526107,549680,-23573
300,350,489189,512849,-23660
301,351,489177,512838,-23662
302,352,500566,527524,-26958
303,353,495824,523124,-27300
304,354,500338,527778,-27440
305,355,493114,520358,-27243
306,356,498230,524854,-26624
307,357,479034,510123,-31089
308,358,487009,518110,-31101
309,359,489908,520461,-30553
310,360,505615,535251,-29636
311,361,504408,534731,-30323
312,362,470546,500952,-30406
313,363,475765,506005,-30240
314,364,491065,527208,-36143
315,365,505595,541731,-36136
316,366,497762,533218,-35456
317,367,509472,548458,-38986
318,368,473291,512806,-39516
319,369,478705,519055,-40350
320,370,478590,517964,-39375
321,371,497507,543263,-45756
322,372,506886,552239,-45353
323,373,470059,518252,-48194
324,374,483873,532777,-48904
325,375,478429,527080,-48651
326,376,482130,531793,-49662
327,377,476278,530250,-53972
328,378,441793,493296,-51503
329,379,464915,518067,-53151
330,380,461424,509684,-48261
331,381,469413,517702,-48289
332,382,441813,491665,-49852
333,383,451356,499555,-48199
334,384,419048,459655,-40607
335,385,423319,464519,-41200
336,386,391794,433530,-41736
337,387,416512,459404,-42892
338,388,429495,474536,-45041
339,389,415929,459248,-43320
340,390,416679,464032,-47353
341,391,388189,434874,-46684
342,392,401715,430785,-29069
343,393,375101,414548,-39447
344,394,384042,429407,-45365
345,395,375060,420468,-45408
346,396,378890,426719,-47830
347,397,392076,440553,-48477
348,398,406242,455463,-49220
349,399,431204,480386,-49182
350,400,440195,489356,-49161
351,401,449195,498345,-49150
352,402,450297,499258,-48961
353,403,450745,499707,-48962
354,404,441246,490593,-49347
355,405,425919,475267,-49348
356,406,392000,435893,-43894
357,407,391983,435881,-43897
358,408,391951,435849,-43898
359,409,391946,435843,-43897
360,410,384590,427878,-43288
361,411,389402,431432,-42030
362,412,379290,421637,-42348
363,413,353817,386985,-33168
364,414,358057,391947,-33890
365,415,382301,416080,-33779
366,416,396799,430590,-33791
367,417,393275,426525,-33250
368,418,398528,430605,-32076
369,419,384058,416015,-31956
370,420,366446,391451,-25005
371,421,384116,411180,-27064
372,422,398248,425157,-26909
373,423,424047,450165,-26118
374,424,429318,454427,-25109
375,425,435988,461089,-25101
376,426,448602,474886,-26284
377,427,447948,474164,-26216
378,428,423667,449297,-25630
379,429,423649,448558,-24909
380,430,416772,442335,-25562
381,431,422295,448551,-26256
382,432,426331,453295,-26965
383,433,447595,471418,-23823
384,434,455396,479208,-23813
385,435,461275,484532,-23257
386,436,451584,471407,-19823
387,437,470720,490225,-19505
388,438,503722,519334,-15612
389,439,503716,519318,-15602
390,440,494468,521490,-27022
391,441,494440,521464,-27023
392,442,484599,488102,-3503
393,443,489576,493756,-4180
394,444,502098,503491,-1393
395,445,517014,518369,-1355
396,446,484037,483989,48
397,447,488510,489529,-1019
398,448,467099,469518,-2419
399,449,480859,484075,-3216
400,450,497322,499629,-2307
401,451,500686,503066,-2380
402,452,509247,511591,-2345
403,453,517135,519545,-2409
404,454,522721,525102,-2380
405,455,522732,525112,-2379
406,456,522765,525144,-2379
407,457,522763,525138,-2374
408,458,537984,539778,-1794
409,459,537974,539765,-1791
410,460,541842,544503,-2661
411,461,538739,541404,-2665
412,462,532990,534970,-1980
413,463,543928,543758,170
414,464,510453,510894,-441
415,465,518448,518897,-449
416,466,528576,529740,-1165
417,467,543568,544277,-709
418,468,528423,529045,-623
419,469,532520,533544,-1024
420,470,504834,504015,819
421,471,500040,499798,242
422,472,484043,483984,59
423,473,491988,491948,40
424,474,493306,493473,-167
425,475,471418,469109,2310
426,476,471398,469089,2310
427,477,475617,473373,2243
428,478,476135,473829,2306
429,479,480521,478318,2203
430,480,496374,492831,3543
431,481,496510,492962,3548
432,482,462788,462681,107
433,483,478480,477650,830
434,484,439337,438584,753
435,485,425223,424449,774
436,486,409731,406279,3452
437,487,399713,408723,-9010
438,488,424046,433880,-9834
439,489,433042,442855,-9814
440,490,434466,443891,-9426
441,491,462153,471314,-9161
442,492,471723,480185,-8461
443,493,431493,440355,-8862
444,494,431493,440345,-8853
445,495,433151,440611,-7460
446,496,433138,440601,-7463
447,497,415757,419907,-4150
448,498,427632,430946,-3313
449,499,404076,406792,-2716
450,500,429221,430533,-1313
451,501,429230,430541,-1311
452,502,429260,430468,-1208
453,503,432681,433817,-1136
454,504,438320,439329,-1009
455,505,438303,439312,-1009
456,506,438294,439306,-1012
457,507,438298,439313,-1014
458,508,449560,449517,44
459,509,449548,449509,39
460,510,445728,444626,1103
461,511,437396,436181,1215
462,512,402238,402887,-649
463,513,426236,428441,-2206
464,514,416111,418381,-2270
465,515,431065,431047,18
466,516,435983,435325,658
467,517,439616,437124,2492
468,518,444698,441901,2797
469,519,461027,456505,4522
470,520,459711,455164,4548
471,521,423875,426618,-2744
472,522,438535,442355,-3820
473,523,438504,442322,-3818
474,524,443332,447095,-3762
475,525,445453,449251,-3798
476,526,450581,454303,-3722
477,527,466838,469752,-2915
478,528,457720,460628,-2908
479,529,416579,420153,-3574
480,530,431801,434995,-3194
481,531,431767,434963,-3196
482,532,436554,439600,-3046
483,533,436513,438559,-2046
484,534,442029,443541,-1512
485,535,458098,451131,6966
486,536,457023,450108,6915
487,537,425587,418229,7358
488,538,440547,433653,6893
489,539,433885,426995,6890
490,540,393153,422110,-28957
491,541,396363,423295,-26932
492,542,402817,424151,-21334
493,543,403207,592213,-189006
494,544,409961,598999,-189039
495,545,402734,593446,-190712
496,546,410727,601443,-190716
497,547,669347,580681,88666
498,548,660326,571700,88626
499,549,632090,547087,85003
500,550,651920,567394,84527
501,551,655852,573546,82306
502,552,671092,589050,82041
503,553,674479,592474,82006
504,554,683511,601476,82035
505,555,689118,607022,82096
506,556,689557,607465,82092
507,557,689554,607463,82091
508,558,685483,603327,82156
509,559,685947,603793,82154
510,560,674275,592958,81317
511,561,673395,592087,81308
512,562,634432,553837,80595
513,563,634427,553831,80596
514,564,649344,568580,80763
515,565,641293,561148,80145
516,566,632590,554475,78115
517,567,625071,547163,77908
518,568,589891,511757,78134
519,569,615623,534663,80959
520,570,630420,544424,85996
521,571,630415,544419,85996
522,572,629760,544054,85707
523,573,633509,551479,82030
524,574,637626,544538,93088
525,575,652903,560180,92723
526,576,626946,534611,92335
527,577,626936,534598,92338
528,578,631671,539086,92585
529,579,638318,541462,96855
530,580,638114,546826,91289
531,581,662270,571581,90689
532,582,666615,577489,89126
533,583,650709,561542,89166
534,584,616096,525138,90958
535,585,620741,531400,89341
536,586,626009,536696,89313
537,587,650859,562020,88839
538,588,656104,531779,124325
539,589,664320,539726,124594
540,590,662720,545769,116950
541,591,670279,553143,117136
542,592,373193,370663,2530
543,593,377556,374886,2670
544,594,366277,363579,2698
545,595,371254,368272,2982
546,596,396405,393008,3397
547,597,392486,387033,5453
548,598,400474,395001,5474
549,599,382884,374780,8104
550,600,378533,370606,7927
551,601,346456,337471,8986
552,602,351732,342269,9463
553,603,371303,357301,14002
554,604,380151,366239,13911
555,605,383219,369677,13541
556,606,397957,383688,14269
557,607,397948,383681,14267
558,608,402781,388248,14533
559,609,408730,394873,13857
560,610,413451,399344,14107
561,611,440239,424471,15768
562,612,448027,432270,15757
563,613,481421,465497,15923
564,614,491401,475229,16172
565,615,502508,486300,16207
566,616,524014,507562,16452
567,617,541237,524638,16599
568,618,517206,504609,12597
569,619,532180,519654,12526
570,620,559406,546698,12707
571,621,559396,546691,12706
572,622,555521,547495,8026
573,623,555497,547470,8026
574,624,533576,524099,9477
575,625,553891,544555,9336
576,626,564950,555021,9929
577,627,589350,580943,8407
578,628,587197,577569,9629
579,629,596145,586545,9600
580,630,566199,556347,9853
581,631,571740,561885,9856
582,632,567050,556997,10053
583,633,567047,556996,10052
584,634,557118,545430,11688
585,635,564344,552911,11433
586,636,525078,513358,11720
587,637,529318,547989,-18671
588,638,519394,532843,-13449
589,639,523576,566216,-42640
590,640,546735,570678,-23943
591,641,549007,573097,-24090
592,642,576600,600654,-24054
593,643,581600,606010,-24410
594,644,565673,590115,-24442
595,645,525293,550115,-24822
596,646,539892,556111,-16219
597,647,539860,556080,-16220
598,648,542229,570661,-28432
599,649,599327,580256,19071
600,650,599305,584916,14389
601,651,585132,595418,-10287
602,652,549812,565330,-15519
603,653,556428,571997,-15569
604,654,578926,593989,-15063
605,655,593005,608135,-15130
606,656,2383408,618291,1765117
607,657,2383401,618283,1765117
608,658,2377111,611894,1765217
609,659,2374792,608873,1765919
610,660,2337055,575538,1761517
611,661,2362173,600003,1762169
612,662,2321345,559316,1762029
613,663,2337805,575768,1762037
614,664,2311852,549921,1761931
615,665,2302539,540679,1761860
616,666,2285299,523504,1761795
617,667,2284475,523491,1760984
618,668,2269538,508509,1761029
619,669,2257632,496833,1760799
620,670,2265009,504045,1760964
621,671,2269185,508330,1760854
622,672,2281199,519216,1761983
623,673,2298389,534041,1764348
624,674,2262244,498611,1763633
625,675,2259742,495338,1764404
626,676,2226271,460928,1765343
627,677,2251322,485618,1765704
628,678,2257912,491482,1766430
629,679,2248972,482485,1766487
630,680,2247987,481602,1766385
631,681,2251925,486661,1765265
632,682,2256064,491447,1764617
633,683,2282211,516323,1765887
634,684,2288995,523079,1765916
635,685,2292487,496453,1796035
636,686,2303381,507382,1795999
637,687,2307859,487690,1820170
638,688,2301202,481028,1820174
639,689,2276352,485149,1791203
640,690,2293061,505295,1787766
641,691,2263809,478118,1785691
642,692,2287631,502704,1784927
643,693,2294315,509399,1784916
644,694,2316976,532096,1784880
645,695,2331075,546275,1784800
646,696,2343141,545803,1797338
647,697,2343136,545798,1797338
648,698,2270582,518029,1752553
649,699,2266308,514910,1751398
650,700,494518,500543,-6026
651,701,510072,515431,-5359
652,702,503440,508750,-5310
653,703,470755,476623,-5867
654,704,474725,480950,-6225
655,705,479012,485495,-6483
656,706,498349,504748,-6399
657,707,506279,512714,-6434
658,708,501391,508460,-7069
659,709,494714,501756,-7042
660,710,470322,476868,-6546
661,711,470301,476842,-6542
662,712,440732,449005,-8273
663,713,457479,467935,-10457
664,714,470109,483174,-13065
665,715,496694,509170,-12476
666,716,505677,518174,-12497
667,717,510160,522425,-12264
668,718,519175,531391,-12217
669,719,513216,525498,-12282
670,720,513189,525472,-12283
671,721,469320,486396,-17075
672,722,469317,486390,-17073
673,723,478367,495309,-16942
674,724,478363,495299,-16936
675,725,477548,493966,-16418
676,726,443668,461696,-18028
677,727,447900,466273,-18373
678,728,468896,487253,-18357
679,729,483881,502096,-18216
680,730,475795,492236,-16442
681,731,465394,482154,-16760
682,732,428928,447428,-18500
683,733,433633,452316,-18684
684,734,448113,465769,-17657
685,735,456067,473752,-17685
686,736,464066,481735,-17669
687,737,465500,482050,-16550
688,738,465499,482044,-16544
689,739,448333,461532,-13200
690,740,459428,475039,-15611
691,741,433824,451353,-17529
692,742,458833,476375,-17542
693,743,431124,448552,-17428
694,744,440085,457535,-17450
695,745,449050,466457,-17408
696,746,449960,466623,-16663
697,747,449954,466619,-16665
698,748,445206,460735,-15529
699,749,406069,420595,-14526
700,750,421288,435717,-14428
701,751,417133,431030,-13897
702,752,421530,435911,-14381
703,753,417457,431769,-14311
704,754,408907,423476,-14569
705,755,395224,409151,-13927
706,756,403193,417129,-13935
707,757,411144,425101,-13957
708,758,425390,439742,-14352
709,759,425383,439728,-14345
710,760,416756,429684,-12928
711,761,422277,435822,-13545
712,762,396960,406341,-9382
713,763,415044,423414,-8370
714,764,379716,389656,-9940
715,765,400972,410904,-9932
716,766,413155,422933,-9779
717,767,414786,424656,-9870
718,768,420145,429772,-9627
719,769,462585,472261,-9676
720,770,477954,487165,-9211
721,771,477940,487146,-9206
722,772,482122,491639,-9517
723,773,483438,493452,-10013
724,774,487317,498295,-10978
725,775,500590,510730,-10139
726,776,509582,519675,-10093
727,777,475665,485865,-10200
728,778,503297,513424,-10126
729,779,513596,523449,-9853
730,780,513582,523433,-9851
731,781,504405,513879,-9474
732,782,503219,512838,-9619
733,783,463428,473556,-10129
734,784,467714,478198,-10485
735,785,472516,482651,-10135
736,786,476931,487671,-10740
737,787,488450,497098,-8648
738,788,496401,505077,-8676
739,789,470940,474951,-4011
740,790,461927,465934,-4006
741,791,437148,440674,-3526
742,792,437137,440666,-3528
743,793,432710,436372,-3663
744,794,430239,434994,-4755
745,795,429052,434605,-5553
746,796,452480,459700,-7221
747,797,466584,475118,-8534
748,798,466568,475106,-8538
749,799,471944,481202,-9258
750,800,473152,482072,-8920
751,801,495906,506775,-10869
752,802,501702,511565,-9863
753,803,485801,495648,-9847
754,804,450501,461358,-10858
755,805,456634,467454,-10820
756,806,460281,472500,-12220
757,807,484578,497538,-12959
758,808,488113,500761,-12649
759,809,489117,501768,-12651
760,810,480717,492095,-11378
761,811,490448,500068,-9620
762,812,447994,459071,-11077
763,813,452730,463771,-11041
764,814,416147,428250,-12104
765,815,409868,422432,-12563
766,816,422279,437410,-15131
767,817,407629,422811,-15183
768,818,414192,429257,-15065
769,819,428879,443846,-14966
770,820,424690,439346,-14656
771,821,424681,439337,-14657
772,822,430156,443096,-12940
773,823,421128,434106,-12978
774,824,386171,399511,-13340
775,825,391940,404523,-12583
776,826,389166,402242,-13076
777,827,372115,383080,-10964
778,828,379922,390893,-10971
779,829,413176,424128,-10952
780,830,427267,438225,-10958
781,831,438460,449279,-10818
782,832,466863,477330,-10466
783,833,484048,494503,-10454
784,834,492033,502210,-10177
785,835,493997,504147,-10150
786,836,485951,496568,-10617
787,837,485931,496548,-10617
788,838,501256,511095,-9839
789,839,501272,511107,-9835
790,840,505455,515548,-10093
791,841,507493,518235,-10742
792,842,511567,523040,-11473
793,843,524903,534394,-9491
794,844,539303,549242,-9939
795,845,501782,508730,-6948
796,846,505769,513339,-7570
797,847,504831,511821,-6990
798,848,509049,516726,-7677
799,849,527364,535992,-8627
800,850,498074,504920,-6846
801,851,506047,512893,-6846
802,852,516330,523390,-7060
803,853,516324,523379,-7055
804,854,510429,517007,-6578
805,855,506719,513728,-7009
806,856,470087,478555,-8468
807,857,494671,503447,-8776
808,858,501622,510396,-8775
809,859,508383,517158,-8775
810,860,521551,531794,-10243
811,861,516818,527088,-10270
812,862,521540,532902,-11362
813,863,516229,526930,-10702
814,864,532601,544881,-12279
815,865,509398,518730,-9333
816,866,509384,518717,-9334
817,867,471146,480839,-9693
818,868,476497,486859,-10362
819,869,480795,491508,-10713
820,870,505122,516937,-11815
821,871,511898,523707,-11809
822,872,515835,527091,-11255
823,873,523872,535064,-11192
824,874,529261,540318,-11057
825,875,521414,532465,-11051
826,876,484930,499497,-14567
827,877,490006,505722,-15716
828,878,446519,463048,-16528
829,879,459199,474835,-15636
830,880,426427,442154,-15727
831,881,428147,443833,-15686
832,882,438657,454693,-16036
833,883,442721,458823,-16102
834,884,461705,477631,-15926
835,885,445172,461170,-15998
836,886,461600,475452,-13852
837,887,461594,475443,-13849
838,888,461884,475512,-13628
839,889,467646,481414,-13768
840,890,460948,474058,-13110
841,891,484570,498968,-14397
842,892,452709,466834,-14125
843,893,473781,488020,-14239
844,894,491058,504580,-13522
845,895,501731,515229,-13498
846,896,503700,516423,-12723
847,897,530414,542841,-12427
848,898,500817,511153,-10336
849,899,500793,511133,-10340
850,900,515953,526129,-10176
851,901,515945,526119,-10174
852,902,515972,526249,-10277
853,903,521952,532045,-10093
854,904,517829,527712,-9883
855,905,526996,535675,-8679
856,906,495994,502936,-6942
857,907,503934,510840,-6907
858,908,511916,518846,-6930
859,909,521168,533375,-12207
860,910,516471,527580,-11110
861,911,531364,542152,-10788
862,912,545207,555792,-10585
863,913,521895,532553,-10658
864,914,546837,557712,-10875
865,915,551740,562352,-10612
866,916,558376,569030,-10654
867,917,571501,580951,-9450
868,918,578776,588332,-9556
869,919,555825,562734,-6909
870,920,555794,562705,-6912
871,921,544784,551703,-6919
872,922,549628,557968,-8340
873,923,554004,562979,-8975
874,924,572760,582482,-9722
875,925,579499,589255,-9756
876,926,570595,578395,-7800
877,927,577658,585282,-7624
878,928,537287,548086,-10800
879,929,541996,552733,-10738
880,930,508702,519553,-10851
881,931,494132,504857,-10725
882,932,497182,510040,-12858
883,933,489106,502017,-12911
884,934,489085,501994,-12908
885,935,504457,516472,-12015
886,936,499982,511971,-11988
887,937,514395,527534,-13140
888,938,523070,536587,-13517
889,939,530561,545941,-15381
890,940,515372,530230,-14858
891,941,524357,539230,-14873
892,942,488657,503611,-14954
893,943,500849,515713,-14863
894,944,504434,519353,-14919
895,945,499483,513255,-13772
896,946,478139,492075,-13936
897,947,474625,488377,-13753
898,948,480878,494483,-13605
899,949,485203,499407,-14204
900,950,504596,519849,-15253
901,951,511345,526614,-15270
902,952,501344,516073,-14729
903,953,508620,523988,-15368
904,954,474293,485600,-11307
905,955,478075,490049,-11974
906,956,467732,480185,-12453
907,957,471552,484754,-13202
908,958,496549,509494,-12945
909,959,489478,502754,-13276
910,960,522871,536231,-13360
911,961,503787,515126,-11339
912,962,505951,517299,-11349
913,963,497389,510329,-12941
914,964,514510,527564,-13054
915,965,525127,538056,-12929
916,966,503241,516265,-13024
917,967,534612,547716,-13104
918,968,534593,547698,-13106
919,969,544408,557719,-13312
920,970,544402,557717,-13315
921,971,548066,560538,-12472
922,972,558730,569273,-10543
923,973,535167,544686,-9519
924,974,559874,568076,-8202
925,975,566545,574751,-8206
926,976,589383,597597,-8214
927,977,598789,606999,-8210
928,978,612401,621586,-9185
929,979,602510,611313,-8803
930,980,599604,608846,-9242
931,981,568123,576619,-8496
932,982,572672,581034,-8362
933,983,599126,603313,-4188
934,984,605920,610110,-4190
935,985,599483,602538,-3055
936,986,607496,610574,-3078
937,987,589259,589218,40
938,988,580270,580216,55
939,989,545212,545752,-541
940,990,551433,551612,-179
941,991,548997,550078,-1081
942,992,538048,536930,1118
943,993,544793,543652,1142
944,994,544766,543626,1140
945,995,556397,553252,3145
946,996,556387,553246,3141
947,997,550362,547137,3225
948,998,549821,546034,3788
949,999,516782,510747,6035
950,1000,541843,537472,4372
951,1001,548646,544227,4419
952,1002,556621,552257,4363
953,1003,560822,555785,5037
954,1004,575673,569954,5719
955,1005,566289,559353,6936
956,1006,562389,555831,6558
957,1007,528598,521670,6928
958,1008,532842,526480,6362
959,1009,510744,505754,4990
960,1010,506331,501335,4996
961,1011,473766,468799,4966
962,1012,472458,467497,4961
963,1013,469763,465598,4165
964,1014,454847,450679,4168
965,1015,445478,441501,3977
966,1016,434472,430410,4062
967,1017,458771,453045,5726
968,1018,473910,467558,6352
969,1019,461038,453470,7567
970,1020,473408,467468,5940
971,1021,461049,457106,3944
972,1022,468451,465536,2915
973,1023,454130,455217,-1086
974,1024,463120,464188,-1068
975,1025,435175,436295,-1119
976,1026,444138,445219,-1081
977,1027,449738,450806,-1068
978,1028,445910,446517,-607
979,1029,445908,446517,-609
980,1030,435325,435646,-321
981,1031,443632,442242,1390
982,1032,402696,405326,-2631
983,1033,407096,409676,-2580
984,1034,395824,398805,-2982
985,1035,400119,403011,-2892
986,1036,425238,427858,-2619
987,1037,427224,429890,-2666
988,1038,435215,437832,-2617
989,1039,435657,437738,-2081
990,1040,445583,445821,-238
991,1041,403012,407863,-4850
992,1042,407205,412333,-5128
993,1043,412836,418320,-5484
994,1044,417063,422991,-5928
995,1045,437490,443827,-6337
996,1046,444280,450647,-6366
997,1047,454852,461299,-6447
998,1048,469365,475708,-6343
999,1049,440087,445438,-5351
1000,1050,450723,456120,-5397
1001,1051,477091,482669,-5578
1002,1052,492665,497353,-4688
1003,1053,492657,497346,-4689
1004,1054,493155,497462,-4307
1005,1055,498754,502563,-3809
1006,1056,492898,496633,-3735
1007,1057,509851,511861,-2010
1008,1058,476609,476509,100
1009,1059,476597,476492,104
1010,1060,475284,474873,410
1011,1061,475247,474838,408
1012,1062,479158,478854,304
1013,1063,478011,477651,360
1014,1064,482171,482669,-498
1015,1065,501813,502478,-664
1016,1066,470317,473291,-2974
1017,1067,478332,481329,-2996
1018,1068,481055,481605,-550
1019,1069,481042,481595,-553
1020,1070,452152,451555,598
1021,1071,449798,449972,-174
1022,1072,415151,413974,1177
1023,1073,439789,440222,-433
1024,1074,445839,445262,576
1025,1075,436866,436330,536
1026,1076,435341,435306,35
1027,1077,440929,440977,-48
1028,1078,444859,445842,-983
1029,1079,469694,470405,-711
1030,1080,478658,479370,-711
1031,1081,480945,481704,-758
1032,1082,508654,509112,-459
1033,1083,514430,514496,-66
1034,1084,499679,499796,-117
1035,1085,457852,460093,-2241
1036,1086,472735,474684,-1949
1037,1087,461850,463742,-1893
1038,1088,474641,478312,-3672
1039,1089,493470,496147,-2677
1040,1090,502584,507218,-4634
1041,1091,527750,534208,-6458
1042,1092,526905,532590,-5685
1043,1093,529071,534691,-5620
1044,1094,497528,503203,-5674
1045,1095,503119,508799,-5681
1046,1096,460637,466486,-5849
1047,1097,449945,455821,-5876
1048,1098,439348,445164,-5816
1049,1099,433252,438968,-5717
1050,1100,412012,417784,-5773
1051,1101,427770,432112,-4342
1052,1102,442533,445245,-2712
1053,1103,458314,460309,-1995
1054,1104,471559,476931,-5372
1055,1105,473777,479143,-5366
1056,1106,444388,451738,-7350
1057,1107,453360,460683,-7323
1058,1108,458968,466279,-7311
1059,1109,458957,466269,-7312
1060,1110,455079,462281,-7202
1061,1111,455083,462281,-7198
1062,1112,460888,467167,-6279
1063,1113,444956,451210,-6253
1064,1114,410571,417235,-6663
1065,1115,416799,423189,-6390
1066,1116,440135,447968,-7833
1067,1117,455263,462986,-7723
1068,1118,450855,458348,-7493
1069,1119,465513,473205,-7692
1070,1120,471140,480105,-8965
1071,1121,484812,495807,-10995
1072,1122,471189,481084,-9895
1073,1123,480224,490098,-9873
1074,1124,482790,492223,-9433
1075,1125,505436,514990,-9553
1076,1126,510080,518641,-8561
1077,1127,515701,524593,-8892
1078,1128,475940,485369,-9430
1079,1129,481021,491090,-10069
1080,1130,479979,490491,-10511
1081,1131,462128,473446,-11319
1082,1132,475490,488545,-13055
1083,1133,475513,488567,-13053
1084,1134,480432,493299,-12867
1085,1135,488294,500638,-12344
1086,1136,480068,490768,-10700
1087,1137,507287,515463,-8177
1088,1138,489994,496788,-6794
1089,1139,481021,487784,-6763
1090,1140,445594,450167,-4574
1091,1141,451703,455174,-3470
1092,1142,446744,450707,-3963
1093,1143,462587,466430,-3843
1094,1144,463749,467608,-3859
1095,1145,471754,475594,-3840
1096,1146,479783,483559,-3776
1097,1147,494619,498106,-3486
1098,1148,494610,498100,-3490
1099,1149,482971,488214,-5243
1100,1150,487601,493160,-5559
1101,1151,456917,465405,-8488
1102,1152,472809,481568,-8759
1103,1153,443253,449088,-5835
1104,1154,451211,457040,-5830
1105,1155,457042,463239,-6197
1106,1156,448079,454276,-6197
1107,1157,446299,453384,-7085
1108,1158,451957,459774,-7818
1109,1159,455762,464367,-8604
1110,1160,477974,490418,-12444
1111,1161,478834,491276,-12442
1112,1162,489330,501103,-11773
1113,1163,489323,501093,-11770
1114,1164,487332,499748,-12417
1115,1165,453418,464685,-11267
1116,1166,457458,469470,-12011
1117,1167,465416,479712,-14296
1118,1168,472207,486486,-14279
1119,1169,449840,459400,-9559
1120,1170,451757,461350,-9592
1121,1171,424733,436446,-11713
1122,1172,424708,436415,-11707
1123,1173,422127,434641,-12515
1124,1174,391634,403092,-11458
1125,1175,396022,408025,-12003
1126,1176,420655,432396,-11741
1127,1177,422377,433465,-11089
1128,1178,422358,433447,-11088
1129,1179,431630,442543,-10913
1130,1180,393685,402420,-8736
1131,1181,398624,408240,-9616
1132,1182,398580,409620,-11040
1133,1183,421973,435223,-13250
1134,1184,424050,438931,-14881
1135,1185,424024,438907,-14883
1136,1186,394548,415185,-20637
1137,1187,412795,434242,-21446
1138,1188,421984,446925,-24941
1139,1189,446417,472864,-26447
1140,1190,445286,472364,-27078
1141,1191,447436,474509,-27073
1142,1192,416733,444262,-27530
1143,1193,422338,449855,-27517
1144,1194,406393,433992,-27599
1145,1195,406364,433963,-27599
1146,1196,406371,433970,-27600
1147,1197,417014,444600,-27586
1148,1198,417010,444596,-27587
1149,1199,421818,449774,-27955
1150,1200,424064,453176,-29111
1151,1201,398213,428164,-29951
1152,1202,423201,451562,-28361
1153,1203,432185,460507,-28322
1154,1204,441074,469502,-28428
1155,1205,442909,470442,-27533
1156,1206,443358,470892,-27534
1157,1207,433927,459928,-26001
1158,1208,433648,459651,-26004
1159,1209,395628,418764,-23136
1160,1210,395614,418749,-23135
1161,1211,395612,418745,-23133
1162,1212,391388,414152,-22765
1163,1213,391389,414153,-22764
1164,1214,397647,419288,-21641
1165,1215,382880,404567,-21687
1166,1216,360948,379987,-19040
1167,1217,378584,399800,-21216
1168,1218,381663,405452,-23789
1169,1219,406153,429763,-23610
1170,1220,415162,438784,-23622
1171,1221,417773,440530,-22757
1172,1222,440408,463235,-22827
1173,1223,443949,467055,-23106
1174,1224,451416,475464,-24048
1175,1225,411866,435909,-24043
1176,1226,425353,450764,-25411
1177,1227,443773,470752,-26979
1178,1228,457796,486681,-28885
1179,1229,477147,506456,-29309
1180,1230,486115,515437,-29322
1181,1231,490245,518233,-27988
1182,1232,457968,482543,-24575
1183,1233,458415,482988,-24573
1184,1234,445818,467315,-21497
1185,1235,446403,467901,-21499
1186,1236,414709,432081,-17371
1187,1237,405704,423075,-17371
1188,1238,366550,382113,-15563
1189,1239,366542,382110,-15568
1190,1240,357590,373131,-15541
1191,1241,363318,379228,-15910
1192,1242,357700,373627,-15927
1193,1243,361358,378334,-16977
1194,1244,365588,383141,-17554
1195,1245,369654,388534,-18880
1196,1246,395964,412911,-16947
1197,1247,390207,405870,-15663
1198,1248,398200,413838,-15638
1199,1249,380877,394159,-13282
1200,1250,371867,385192,-13325
1201,1251,347218,361615,-14396
1202,1252,366503,378915,-12412
1203,1253,373115,384497,-11381
1204,1254,390571,403040,-12469
1205,1255,399136,411606,-12470
1206,1256,404726,417198,-12471
1207,1257,427459,439934,-12475
1208,1258,441726,454103,-12378
1209,1259,455461,466910,-11450
1210,1260,455445,466895,-11450
1211,1261,459092,471043,-11951
1212,1262,465027,477259,-12232
1213,1263,468856,482032,-13176
1214,1264,480597,491334,-10737
1215,1265,487250,497997,-10747
1216,1266,483227,488994,-5768
1217,1267,488833,494623,-5791
1218,1268,450059,455074,-5015
1219,1269,450030,455045,-5015
1220,1270,458494,463219,-4725
1221,1271,421600,426347,-4747
1222,1272,427459,432070,-4611
1223,1273,432970,437940,-4970
1224,1274,442363,448282,-5919
1225,1275,457249,462692,-5443
1226,1276,424763,426739,-1976
1227,1277,420199,422271,-2072
1228,1278,386794,387740,-946
1229,1279,391192,392818,-1625
1230,1280,404805,409448,-4644
1231,1281,407006,411648,-4642
1232,1282,417582,422296,-4714
1233,1283,444543,448993,-4450
1234,1284,463627,467960,-4333
1235,1285,497422,501691,-4269
1236,1286,497450,501713,-4264
1237,1287,511853,516610,-4757
1238,1288,511842,516600,-4759
1239,1289,515521,521093,-5573
1240,1290,520013,525792,-5779
1241,1291,520312,526372,-6060
1242,1292,547555,550831,-3277
1243,1293,546004,547395,-1391
1244,1294,538040,539493,-1453
1245,1295,507973,511035,-3062
1246,1296,522976,526330,-3353
1247,1297,522942,526294,-3352
1248,1298,527146,531237,-4091
1249,1299,517682,522862,-5179
1250,1300,521913,527863,-5950
1251,1301,512110,519919,-7809
1252,1302,509933,517727,-7794
1253,1303,494374,501961,-7588
1254,1304,515441,523042,-7601
1255,1305,519491,527034,-7543
1256,1306,493194,500823,-7629
1257,1307,535445,543229,-7784
1258,1308,543857,551546,-7690
1259,1309,540206,547385,-7179
1260,1310,555140,562594,-7453
1261,1311,545381,551606,-6225
1262,1312,552390,560467,-8077
1263,1313,529607,537654,-8047
1264,1314,543405,553222,-9817
1265,1315,525909,535478,-9569
1266,1316,534903,544471,-9569
1267,1317,541612,551154,-9541
1268,1318,564216,573725,-9508
1269,1319,578315,587947,-9633
1270,1320,587363,596866,-9503
1271,1321,587351,596856,-9505
1272,1322,595312,604734,-9422
1273,1323,575791,584459,-8668
1274,1324,589217,598652,-9434
1275,1325,609794,619877,-10083
1276,1326,618831,628867,-10036
1277,1327,615524,624305,-8781
1278,1328,630367,639190,-8823
1279,1329,607525,612905,-5380
1280,1330,622687,627774,-5087
1281,1331,583549,588831,-5282
1282,1332,569060,574725,-5664
1283,1333,555813,562068,-6255
1284,1334,545481,551275,-5793
1285,1335,570335,576752,-6417
1286,1336,578140,584597,-6457
1287,1337,585508,591154,-5646
1288,1338,613559,618906,-5347
1289,1339,624136,627965,-3829
1290,1340,643169,646985,-3816
1291,1341,600916,607229,-6313
1292,1342,615288,621724,-6436
1293,1343,604374,610821,-6447
1294,1344,608594,615301,-6707
1295,1345,615606,622634,-7028
1296,1346,615962,622241,-6280
1297,1347,640137,648621,-8484
1298,1348,644652,652437,-7785
1299,1349,637784,645582,-7799
1300,1350,611415,621623,-10208
1301,1351,630045,641371,-11326
1302,1352,601013,614160,-13148
1303,1353,614718,630004,-15286
1304,1354,613104,628387,-15283
1305,1355,600949,616154,-15205
1306,1356,585362,600528,-15166
1307,1357,577399,592676,-15277
1308,1358,577399,592673,-15274
1309,1359,578008,593280,-15272
1310,1360,564836,578235,-13399
1311,1361,564820,578231,-13412
1312,1362,532707,545345,-12638
1313,1363,523705,536345,-12641
1314,1364,484065,497419,-13353
1315,1365,498748,510247,-11499
1316,1366,492058,503588,-11530
1317,1367,468810,479886,-11076
1318,1368,486264,499633,-13369
1319,1369,500417,513767,-13350
1320,1370,511488,525158,-13669
1321,1371,520480,534164,-13684
1322,1372,497800,509587,-11788
1323,1373,497745,509589,-11844
1324,1374,463212,474613,-11400
1325,1375,463202,474598,-11396
1326,1376,456559,468002,-11443
1327,1377,419789,431191,-11402
1328,1378,434244,446464,-12219
1329,1379,434254,446467,-12213
1330,1380,433926,446493,-12567
1331,1381,438483,451415,-12932
1332,1382,432546,445836,-13289
1333,1383,450148,463125,-12977
1334,1384,418903,431112,-12209
1335,1385,426905,439110,-12205
1336,1386,402346,415536,-13191
1337,1387,383467,396635,-13168
1338,1388,377315,391765,-14450
1339,1389,380695,396569,-15874
1340,1390,393621,411971,-18349
1341,1391,419601,437229,-17628
1342,1392,424412,441754,-17342
1343,1393,433330,450732,-17401
1344,1394,430755,447797,-17042
1345,1395,436331,453355,-17024
1346,1396,397593,411931,-14338
1347,1397,397610,411939,-14329
1348,1398,384075,396779,-12704
1349,1399,399384,411687,-12303
1350,1400,367426,376884,-9458
1351,1401,362717,372732,-10016
1352,1402,329119,339620,-10501
1353,1403,333327,344674,-11348
1354,1404,349640,360244,-10604
1355,1405,350803,361459,-10656
1356,1406,358374,369010,-10636
1357,1407,365301,375952,-10650
1358,1408,380488,390552,-10064
1359,1409,380514,390577,-10063
1360,1410,384935,395008,-10073
1361,1411,390694,400144,-9450
1362,1412,395202,404718,-9517
1363,1413,419331,429226,-9895
1364,1414,426124,436014,-9890
1365,1415,433938,444186,-10248
1366,1416,455086,465332,-10246
1367,1417,434048,442020,-7972
1368,1418,435773,443691,-7918
1369,1419,439168,445644,-6477
1370,1420,453170,460358,-7187
1371,1421,444148,451387,-7239
1372,1422,439388,447073,-7684
1373,1423,438580,446177,-7597
1374,1424,443105,451063,-7958
1375,1425,467359,475808,-8448
1376,1426,474161,482598,-8437
1377,1427,482123,490571,-8449
1378,1428,488944,496736,-7792
1379,1429,503553,511672,-8119
1380,1430,494655,502004,-7348
1381,1431,482962,490637,-7674
1382,1432,449703,457674,-7972
1383,1433,454099,462390,-8291
1384,1434,479075,487260,-8186
1385,1435,493239,501748,-8509
1386,1436,480533,487735,-7202
1387,1437,484639,492359,-7720
1388,1438,459446,463260,-3814
1389,1439,454854,459084,-4230
1390,1440,438237,443492,-5254
1391,1441,445055,450312,-5257
1392,1442,457244,462495,-5250
1393,1443,469409,474649,-5239
1394,1444,474438,479744,-5306
1395,1445,485152,490469,-5317
1396,1446,527328,532680,-5351
1397,1447,543121,547058,-3937
1398,1448,543111,547056,-3946
1399,1449,544658,547628,-2970
1400,1450,550378,553224,-2846
1401,1451,567432,566133,1299
1402,1452,566899,574023,-7124
1403,1453,526453,534854,-8401
1404,1454,530558,539367,-8810
1405,1455,520308,529430,-9122
1406,1456,524374,533959,-9585
1407,1457,549357,558362,-9005
1408,1458,545850,554840,-8991
1409,1459,561246,569519,-8273
1410,1460,550951,559791,-8840
1411,1461,549775,558543,-8768
1412,1462,517060,525386,-8326
1413,1463,541599,549326,-7727
1414,1464,513808,522219,-8412
1415,1465,503140,511549,-8409
1416,1466,496867,505701,-8834
1417,1467,480691,490763,-10072
1418,1468,464223,474809,-10586
1419,1469,486491,499549,-13057
1420,1470,489110,501700,-12590
1421,1471,510224,522914,-12690
1422,1472,522257,534505,-12248
1423,1473,518154,530473,-12318
1424,1474,489969,501414,-11445
1425,1475,532323,543868,-11546
1426,1476,535755,547359,-11604
1427,1477,535746,547348,-11602
1428,1478,540591,553237,-12646
1429,1479,541437,554984,-13547
1430,1480,565878,579594,-13716
1431,1481,569801,582172,-12371
1432,1482,569775,582146,-12371
1433,1483,534989,547423,-12433
1434,1484,542005,554827,-12822
1435,1485,542085,554853,-12767
1436,1486,566348,578986,-12638
1437,1487,569471,582842,-13370
1438,1488,562618,575975,-13356
1439,1489,526576,541716,-15140
1440,1490,532824,548336,-15513
1441,1491,495121,511032,-15910
1442,1492,509594,524528,-14935
1443,1493,512739,528823,-16084
1444,1494,491655,507752,-16097
1445,1495,474840,491308,-16468
1446,1496,481092,497531,-16439
1447,1497,479625,496860,-17235
1448,1498,504199,520468,-16269
1449,1499,505228,521655,-16428
1450,1500,480204,490710,-10506
1451,1501,488228,498727,-10499
1452,1502,499780,508948,-9168
1453,1503,499773,508936,-9163
1454,1504,494146,502992,-8846
1455,1505,498929,508134,-9205
1456,1506,462396,473588,-11192
1457,1507,486423,497706,-11283
1458,1508,493183,504512,-11330
1459,1509,495524,506871,-11347
1460,1510,503527,514876,-11349
1461,1511,513329,523459,-10130
1462,1512,474251,484271,-10021
1463,1513,478118,488849,-10732
1464,1514,480534,491536,-11002
1465,1515,484618,496130,-11513
1466,1516,499163,509447,-10284
1467,1517,507064,517175,-10111
1468,1518,470413,478046,-7633
1469,1519,474653,483005,-8352
1470,1520,437893,446917,-9024
1471,1521,431342,441524,-10182
1472,1522,445114,455385,-10271
1473,1523,431605,441743,-10138
1474,1524,411397,421547,-10150
1475,1525,412610,422758,-10149
1476,1526,422949,431737,-8788
1477,1527,422941,431726,-8784
1478,1528,422327,430104,-7777
1479,1529,386973,395761,-8788
1480,1530,391785,400546,-8761
1481,1531,409941,420276,-10335
1482,1532,417908,428256,-10348
1483,1533,414699,424216,-9518
1484,1534,432255,438952,-6697
1485,1535,394402,400155,-5753
1486,1536,397662,404886,-7224
1487,1537,399573,407941,-8368
1488,1538,403556,412762,-9206
1489,1539,418457,426008,-7551
1490,1540,433952,440573,-6621
1491,1541,395019,401402,-6383
1492,1542,399509,406057,-6548
1493,1543,399690,405662,-5972
1494,1544,404204,410575,-6371
1495,1545,418623,424452,-5829
1496,1546,419748,425558,-5810
1497,1547,384588,392315,-7727
1498,1548,384564,392294,-7730
1499,1549,383922,391349,-7428
1500,1550,383887,391311,-7424
1501,1551,388135,395947,-7812
1502,1552,388476,396116,-7640
1503,1553,392609,400842,-8234
1504,1554,408829,414538,-5709
1505,1555,408773,414461,-5688
1506,1556,377479,383622,-6143
1507,1557,388454,394547,-6093
1508,1558,387052,393487,-6435
1509,1559,387016,393448,-6432
1510,1560,391460,398054,-6595
1511,1561,394282,400683,-6401
1512,1562,398735,405359,-6624
1513,1563,411544,417829,-6285
1514,1564,426005,432768,-6763
1515,1565,387033,393452,-6419
1516,1566,391125,398102,-6977
1517,1567,392586,399542,-6956
1518,1568,396816,404275,-7460
1519,1569,411914,417119,-5205
1520,1570,411031,416318,-5287
1521,1571,379443,384977,-5534
1522,1572,387465,392927,-5462
1523,1573,401367,406510,-5143
1524,1574,400152,405294,-5142
1525,1575,413695,420067,-6372
1526,1576,429116,436874,-7758
1527,1577,442769,452365,-9596
1528,1578,458962,467501,-8539
1529,1579,449713,458246,-8532
1530,1580,432281,441935,-9654
1531,1581,446366,456023,-9657
1532,1582,461599,470921,-9322
1533,1583,461588,470908,-9319
1534,1584,462736,471106,-8370
1535,1585,468473,477374,-8901
1536,1586,462643,469957,-7314
1537,1587,487158,494027,-6869
1538,1588,454897,463663,-8766
1539,1589,461542,470298,-8757
1540,1590,484502,493305,-8803
1541,1591,499151,507927,-8777
1542,1592,490150,498687,-8537
1543,1593,477160,485662,-8502
1544,1594,451143,460677,-9534
1545,1595,451121,460645,-9525
1546,1596,455813,466331,-10518
1547,1597,460580,472068,-11488
1548,1598,484620,496981,-12360
1549,1599,496012,507017,-11005
1550,1600,496004,507006,-11001
1551,1601,492643,503140,-10497
1552,1602,483219,494234,-11015
1553,1603,465686,479803,-14118
1554,1604,481558,494788,-13229
1555,1605,470570,483849,-13280
1556,1606,485275,498675,-13400
1557,1607,500024,518135,-18111
1558,1608,509697,529648,-19951
1559,1609,532521,554170,-21649
1560,1610,528077,548954,-20877
1561,1611,550710,571802,-21092
1562,1612,526617,546505,-19888
1563,1613,544529,561682,-17154
1564,1614,540423,557022,-16599
1565,1615,545001,561905,-16905
1566,1616,544782,557960,-13178
1567,1617,541997,555877,-13880
1568,1618,523744,541129,-17385
1569,1619,539075,555750,-16675
1570,1620,527252,544427,-17175
1571,1621,534283,550530,-16246
1572,1622,539319,555471,-16153
1573,1623,553418,565006,-11589
1574,1624,568021,579576,-11555
1575,1625,539260,546257,-6996
1576,1626,548502,554270,-5768
1577,1627,508087,514412,-6325
1578,1628,521141,528965,-7823
1579,1629,505903,510976,-5073
1580,1630,522954,525388,-2434
1581,1631,546516,549493,-2978
1582,1632,548766,551251,-2485
1583,1633,571525,573968,-2443
1584,1634,575520,576669,-1149
1585,1635,581134,582069,-935
1586,1636,542300,543199,-899
1587,1637,547516,547553,-37
1588,1638,546464,545371,1092
1589,1639,509050,507723,1327
1590,1640,531705,531786,-81
1591,1641,539668,539756,-87
1592,1642,547628,547771,-143
1593,1643,561469,562080,-611
1594,1644,556761,556379,382
1595,1645,568153,560703,7451
1596,1646,575468,560940,14529
1597,1647,539942,526137,13805
1598,1648,544626,550217,-5591
1599,1649,546162,551384,-5222
1600,1650,567335,572534,-5199
1601,1651,583218,587787,-4569
1602,1652,555280,558898,-3618
1603,1653,565943,569590,-3647
1604,1654,593714,596993,-3280
1605,1655,669252,611545,57706
1606,1656,640342,575907,64434
1607,1657,637873,574031,63842
1608,1658,603401,540565,62836
1609,1659,607954,545509,62445
1610,1660,595997,533616,62381
1611,1661,602743,540361,62382
1612,1662,610726,548336,62390
1613,1663,614154,551465,62688
1614,1664,628717,566379,62337
1615,1665,614993,554421,60572
1616,1666,627030,568946,58084
1617,1667,609622,549609,60013
1618,1668,622760,565030,57730
1619,1669,639926,582695,57232
1620,1670,636776,580615,56161
1621,1671,631177,575021,56156
1622,1672,593251,541661,51590
1623,1673,593679,542090,51589
1624,1674,592022,541544,50478
1625,1675,592623,542137,50486
1626,1676,580061,528063,51998
1627,1677,580053,528058,51995
1628,1678,541423,494664,46760
1629,1679,534747,487979,46767
1630,1680,496657,449536,47121
1631,1681,512263,464249,48014
1632,1682,475353,427433,47920
1633,1683,479728,432085,47643
1634,1684,485289,437690,47599
1635,1685,484422,438295,46127
1636,1686,508343,463409,44934
1637,1687,504795,461056,43739
1638,1688,488931,445131,43801
1639,1689,466860,421600,45260
1640,1690,466852,421591,45261
1641,1691,471053,426337,44716
1642,1692,476896,431693,45203
1643,1693,469855,432027,37828
1644,1694,494005,456892,37114
1645,1695,478651,447011,31640
1646,1696,486736,454610,32127
1647,1697,406497,415981,-9484
1648,1698,410534,420487,-9953
1649,1699,375385,385483,-10099
1650,1700,368960,379832,-10872
1651,1701,383035,394131,-11096
1652,1702,376939,387929,-10990
1653,1703,355677,366790,-11114
1654,1704,368827,381616,-12789
1655,1705,382489,396715,-14225
1656,1706,395892,412142,-16251
1657,1707,410437,425132,-14695
1658,1708,412611,427330,-14718
1659,1709,382229,396248,-14019
1660,1710,391237,405237,-14000
1661,1711,380928,394902,-13974
1662,1712,380898,394870,-13972
1663,1713,380902,394873,-13970
1664,1714,368911,380396,-11485
1665,1715,383844,395157,-11313
1666,1716,351166,360066,-8900
1667,1717,346745,355695,-8950
1668,1718,311091,320257,-9167
1669,1719,315645,325009,-9364
1670,1720,330885,340653,-9768
1671,1721,332103,341837,-9733
1672,1722,339637,349337,-9700
1673,1723,349470,359110,-9640
1674,1724,364028,373909,-9881
1675,1725,364046,373930,-9884
1676,1726,367782,378739,-10957
1677,1727,371997,383467,-11471
1678,1728,375925,388296,-12370
1679,1729,401720,412474,-10754
1680,1730,408489,419277,-10788
1681,1731,412117,422625,-10508
1682,1732,423016,433548,-10532
1683,1733,427426,437661,-10235
1684,1734,420651,430886,-10236
1685,1735,386731,395425,-8694
1686,1736,393029,401584,-8554
1687,1737,397626,406586,-8960
1688,1738,421928,431297,-9369
1689,1739,425528,434328,-8800
1690,1740,436554,445409,-8855
1691,1741,454312,463456,-9144
1692,1742,472492,481568,-9076
1693,1743,467218,476153,-8935
1694,1744,467212,476141,-8929
1695,1745,481662,491178,-9516
1696,1746,477634,486675,-9041
1697,1747,490672,501764,-11092
1698,1748,499053,508033,-8980
1699,1749,512196,523409,-11213
1700,1750,497023,508381,-11359
1701,1751,506041,517355,-11314
1702,1752,501897,511531,-9634
1703,1753,507468,517117,-9649
1704,1754,476610,482225,-5615
1705,1755,467630,473219,-5588
1706,1756,427937,434920,-6983
1707,1757,428402,435388,-6986
1708,1758,419471,426445,-6973
1709,1759,410473,417461,-6988
1710,1760,404866,411873,-7007
1711,1761,404901,411905,-7003
1712,1762,417714,426509,-8795
1713,1763,417697,426498,-8801
1714,1764,429440,441258,-11818
1715,1765,444483,456046,-11563
1716,1766,457777,471383,-13605
1717,1767,475441,486796,-11355
1718,1768,469673,481078,-11405
1719,1769,439885,450632,-10747
1720,1770,448831,459608,-10777
1721,1771,443480,454353,-10873
1722,1772,443475,454347,-10872
1723,1773,443478,454350,-10872
1724,1774,439816,449612,-9797
1725,1775,456039,464324,-8285
1726,1776,447853,454730,-6877
1727,1777,437644,444537,-6893
1728,1778,401427,409816,-8388
1729,1779,405512,414651,-9139
1730,1780,421268,427806,-6538
1731,1781,429255,435754,-6499
1732,1782,437235,443741,-6507
1733,1783,448465,453763,-5298
1734,1784,448454,453751,-5298
1735,1785,442052,447224,-5172
1736,1786,439480,445511,-6030
1737,1787,404757,410512,-5755
1738,1788,430042,435096,-5054
1739,1789,399970,404838,-4868
1740,1790,387736,392684,-4948
1741,1791,396455,401316,-4861
1742,1792,396258,401108,-4850
1743,1793,396257,401108,-4851
1744,1794,396249,401102,-4853
1745,1795,397728,400820,-3091
1746,1796,397717,400809,-3092
1747,1797,369313,371498,-2185
1748,1798,366538,368669,-2131
1749,1799,333515,333974,-459
1750,1800,357550,358777,-1226
1751,1801,355247,356480,-1232
1752,1802,377261,378674,-1413
1753,1803,391458,392887,-1429
1754,1804,390385,391815,-1430
1755,1805,390377,391807,-1429
1756,1806,405494,406722,-1228
1757,1807,405528,406756,-1228
1758,1808,409833,411356,-1523
1759,1809,415322,417543,-2221
1760,1810,420035,422241,-2206
1761,1811,442438,446773,-4335
1762,1812,437517,438873,-1356
1763,1813,458736,460025,-1289
1764,1814,446979,446402,577
1765,1815,448758,448122,637
1766,1816,416621,419341,-2720
1767,1817,458926,461532,-2606
1768,1818,458302,460948,-2646
1769,1819,449363,451976,-2614
1770,1820,457790,460985,-3195
1771,1821,457809,461006,-3197
1772,1822,462204,465545,-3341
1773,1823,467600,471687,-4087
1774,1824,471936,476278,-4342
1775,1825,491234,496382,-5148
1776,1826,498004,503172,-5168
1777,1827,498012,502154,-4142
1778,1828,490026,494238,-4212
1779,1829,462721,470315,-7594
1780,1830,462710,470303,-7594
1781,1831,466894,475040,-8147
1782,1832,472611,481422,-8810
1783,1833,472114,481912,-9798
1784,1834,497567,505959,-8392
1785,1835,494982,501794,-6812
1786,1836,485985,492826,-6841
1787,1837,461716,468406,-6690
1788,1838,461703,468289,-6585
1789,1839,468944,476520,-7576
1790,1840,445617,453852,-8235
1791,1841,459290,469355,-10066
1792,1842,482794,494165,-11371
1793,1843,491769,503176,-11407
1794,1844,498415,509854,-11439
1795,1845,516630,527946,-11316
1796,1846,530680,542155,-11474
1797,1847,534954,545944,-10990
1798,1848,528283,539278,-10995
1799,1849,492977,504231,-11253
1800,1850,497998,510547,-12549
1801,1851,459627,473030,-13403
1802,1852,485117,497656,-12539
1803,1853,491915,504430,-12515
1804,1854,491894,504408,-12514
1805,1855,506592,519375,-12783
1806,1856,502275,514764,-12489
1807,1857,506457,519369,-12912
1808,1858,500631,513320,-12688
1809,1859,498048,511240,-13192
1810,1860,487101,497183,-10082
1811,1861,495038,505133,-10096
1812,1862,460638,470762,-10124
1813,1863,464547,474888,-10340
1814,1864,453871,464200,-10329
1815,1865,437409,447626,-10216
1816,1866,424171,433731,-9561
1817,1867,420548,430212,-9663
1818,1868,450115,454738,-4623
1819,1869,467842,469514,-1671
1820,1870,463433,464963,-1530
1821,1871,483504,479717,3788
1822,1872,492771,488622,4150
1823,1873,502186,496891,5294
1824,1874,488270,482535,5735
1825,1875,497246,491507,5739
1826,1876,490398,484592,5806
1827,1877,499301,493554,5747
1828,1878,504910,499140,5770
1829,1879,500695,494376,6319
1830,1880,500689,494371,6318
1831,1881,491044,483041,8003
1832,1882,499174,491087,8087
1833,1883,458193,452083,6110
1834,1884,462475,456663,5812
1835,1885,466127,461286,4842
1836,1886,469593,466119,3475
1837,1887,479757,476195,3562
1838,1888,487694,484164,3530
1839,1889,460004,453958,6046
1840,1890,451028,444942,6085
1841,1891,427164,420150,7014
1842,1892,427150,420134,7016
1843,1893,424419,418368,6051
1844,1894,395042,384349,10693
1845,1895,427338,386462,40876
1846,1896,452541,412224,40317
1847,1897,455518,414430,41088
1848,1898,463492,422413,41080
1849,1899,465502,422059,43443
1850,1900,473241,429702,43539
1851,1901,433046,390105,42940
1852,1902,437588,394715,42873
1853,1903,444884,401915,42970
1854,1904,449904,406944,42960
1855,1905,470762,430034,40728
1856,1906,485633,445381,40252
1857,1907,476982,435740,41241
1858,1908,465837,424504,41333
1859,1909,430221,389109,41112
1860,1910,435103,393643,41460
1861,1911,459873,417214,42659
1862,1912,466650,423949,42701
1863,1913,469935,427318,42617
1864,1914,480826,438164,42662
1865,1915,483145,440857,42287
1866,1916,487849,445413,42435
1867,1917,446672,413765,32907
1868,1918,451665,418386,33279
1869,1919,456340,427609,28730
1870,1920,470886,442118,28768
1871,1921,439371,410550,28821
1872,1922,445389,416391,28997
1873,1923,405647,376639,29008
1874,1924,410258,381499,28758
1875,1925,408445,380705,27740
1876,1926,404373,377470,26904
1877,1927,424440,401037,23403
1878,1928,439191,416645,22546
1879,1929,439173,416627,22546
1880,1930,444687,422702,21985
1881,1931,450563,429138,21426
1882,1932,470739,446787,23952
1883,1933,484492,461030,23462
1884,1934,477388,451584,25803
1885,1935,466901,439447,27454
1886,1936,429598,435446,-5848
1887,1937,433279,466414,-33135
1888,1938,447747,478017,-30270
1889,1939,455607,485880,-30273
1890,1940,466641,496907,-30266
1891,1941,490623,519844,-29221
1892,1942,509602,538887,-29285
1893,1943,503483,567665,-64182
1894,1944,488749,552905,-64156
1895,1945,460207,515168,-54961
1896,1946,460192,515153,-54961
1897,1947,461082,518719,-57637
1898,1948,481310,537290,-55980
1899,1949,494080,552731,-58651
1900,1950,515894,571925,-56030
1901,1951,524846,580922,-56076
1902,1952,519239,575428,-56189
1903,1953,542019,598300,-56281
1904,1954,516244,569296,-53052
1905,1955,531681,583971,-52289
1906,1956,526960,579323,-52363
1907,1957,531590,583894,-52304
1908,1958,526894,579443,-52549
1909,1959,516394,569471,-53077
1910,1960,501823,555721,-53898
1911,1961,509773,563683,-53910
1912,1962,506899,560823,-53924
1913,1963,521693,575240,-53548
1914,1964,521681,575229,-53548
1915,1965,528085,581868,-53783
1916,1966,532736,589261,-56525
1917,1967,530673,589480,-58807
1918,1968,520027,575008,-54981
1919,1969,529057,584031,-54974
1920,1970,535046,590624,-55578
1921,1971,557781,613354,-55573
1922,1972,567322,622653,-55331
1923,1973,583199,637528,-54329
1924,1974,571168,623644,-52476
1925,1975,575924,628156,-52232
1926,1976,541819,589558,-47740
1927,1977,545861,594100,-48239
1928,1978,565630,611829,-46200
1929,1979,572275,618479,-46203
1930,1980,593979,639807,-45829
1931,1981,570465,618091,-47626
1932,1982,570427,618044,-47616
1933,1983,567913,617139,-49226
1934,1984,582998,631999,-49001
1935,1985,578011,565338,12672
1936,1986,575219,563086,12133
1937,1987,554424,555045,-621
1938,1988,580327,578877,1449
1939,1989,555887,554685,1202
1940,1990,537014,535744,1271
1941,1991,521998,521646,352
1942,1992,511592,511329,264
1943,1993,515645,516244,-599
1944,1994,539980,541708,-1728
1945,1995,536169,535204,964
1946,1996,541265,540307,958
1947,1997,508178,506190,1988
1948,1998,513985,511801,2183
1949,1999,472239,473371,-1132
1950,2000,477099,478785,-1686
1951,2001,475543,477909,-2366
1952,2002,464315,466167,-1852
1953,2003,478809,481374,-2564
1954,2004,478795,481357,-2563
1955,2005,478405,481438,-3033
1956,2006,484955,487642,-2686
1957,2007,480517,483066,-2549
1958,2008,489469,491966,-2497
1959,2009,458425,461970,-3545
1960,2010,465048,468596,-3548
1961,2011,492460,496056,-3596
1962,2012,507240,510738,-3499
1963,2013,492991,496407,-3416
1964,2014,492983,496403,-3420
1965,2015,479928,476734,3194
1966,2016,470869,467706,3163
1967,2017,430636,433219,-2582
1968,2018,436830,440838,-4008
1969,2019,434698,439260,-4562
1970,2020,422150,427305,-5155
1971,2021,437214,442555,-5342
1972,2022,437203,442547,-5344
1973,2023,436841,442775,-5934
1974,2024,440785,447611,-6826
1975,2025,434700,441945,-7245
1976,2026,453403,460472,-7069
1977,2027,421020,429780,-8760
1978,2028,428995,437778,-8783
1979,2029,400936,410306,-9370
1980,2030,400917,410289,-9372
1981,2031,405772,416019,-10247
1982,2032,410932,422005,-11073
1983,2033,436584,446634,-10049
1984,2034,444298,455809,-11511
1985,2035,444286,455800,-11514
1986,2036,452105,464706,-12601
1987,2037,431632,445221,-13590
1988,2038,443911,460981,-17070
1989,2039,464797,481356,-16559
1990,2040,473814,490325,-16511
1991,2041,474267,489800,-15534
1992,2042,466883,482360,-15477
1993,2043,428264,442769,-14505
1994,2044,428255,442760,-14505
1995,2045,428835,443336,-14500
1996,2046,429323,443828,-14505
1997,2047,429314,443817,-14503
1998,2048,424453,438401,-13948
1999,2049,424443,438389,-13946
2000,2050,419321,432549,-13229
2001,2051,395466,407039,-11573
2002,2052,395461,407035,-11573
2003,2053,395531,407108,-11576
2004,2054,402398,414351,-11953
2005,2055,395490,408296,-12806
2006,2056,410938,423771,-12833
2007,2057,386399,398888,-12489
2008,2058,386399,398881,-12482
2009,2059,393807,406725,-12918
2010,2060,369200,384977,-15777
2011,2061,382382,400970,-18588
2012,2062,406479,425477,-18998
2013,2063,413163,432143,-18980
2014,2064,435812,454995,-19183
2015,2065,445302,464463,-19161
2016,2066,460307,479362,-19055
2017,2067,449602,466657,-17056
2018,2068,463479,481745,-18267
2019,2069,442242,462312,-20070
2020,2070,456541,477642,-21101
2021,2071,475596,497265,-21669
2022,2072,484606,506299,-21692
2023,2073,483021,503028,-20007
2024,2074,489820,509899,-20079
2025,2075,464404,483949,-19546
2026,2076,479070,498708,-19638
2027,2077,479028,498668,-19639
2028,2078,491073,513238,-22165
2029,2079,503753,527360,-23607
2030,2080,516979,543053,-26073
2031,2081,535612,561675,-26062
2032,2082,506148,531278,-25129
2033,2083,512735,537905,-25170
2034,2084,523007,545845,-22837
2035,2085,537182,559988,-22806
2036,2086,518334,539677,-21343
2037,2087,509314,530698,-21383
2038,2088,472292,495338,-23046
2039,2089,476308,499967,-23658
2040,2090,471637,495962,-24325
2041,2091,488340,514736,-26396
2042,2092,495880,522236,-26356
2043,2093,499906,526259,-26353
2044,2094,499883,526233,-26350
2045,2095,514148,541108,-26960
2046,2096,514163,541114,-26951
2047,2097,518900,546867,-27967
2048,2098,524395,552529,-28133
2049,2099,549840,577691,-27850
2050,2100,563808,592346,-28538
2051,2101,559506,587615,-28110
2052,2102,564124,592095,-27970
2053,2103,557322,584568,-27246
2054,2104,561382,589508,-28126
2055,2105,548487,575500,-27013
2056,2106,556439,583414,-26974
2057,2107,550406,576936,-26530
2058,2108,565788,592148,-26360
2059,2109,534979,555708,-20729
2060,2110,532840,553775,-20936
2061,2111,497811,519004,-21193
2062,2112,501972,523894,-21922
2063,2113,489664,511929,-22264
2064,2114,497590,519855,-22265
2065,2115,505541,527845,-22303
2066,2116,506677,527446,-20769
2067,2117,506675,527443,-20768
2068,2118,478187,495884,-17697
2069,2119,474324,491366,-17042
2070,2120,440418,456967,-16549
2071,2121,465518,481326,-15808
2072,2122,465657,481479,-15822
2073,2123,436856,452564,-15708
2074,2124,447750,463557,-15807
2075,2125,464572,478093,-13521
2076,2126,452547,463543,-10996
2077,2127,456751,468021,-11271
2078,2128,432251,438432,-6181
2079,2129,427055,434183,-7128
2080,2130,412537,419445,-6909
2081,2131,420305,427233,-6929
2082,2132,447083,454062,-6978
2083,2133,424167,431268,-7102
2084,2134,435274,442351,-7077
2085,2135,468098,475269,-7171
2086,2136,481208,487865,-6657
2087,2137,498347,504941,-6594
2088,2138,505116,510213,-5096
2089,2139,523460,528699,-5238
2090,2140,486902,489524,-2622
2091,2141,502288,504273,-1985
2092,2142,502264,504246,-1982
2093,2143,506527,509793,-3266
2094,2144,511701,515652,-3951
2095,2145,534154,534592,-438
2096,2146,549087,549304,-217
2097,2147,543559,543608,-49
2098,2148,521043,518706,2337
2099,2149,537960,540240,-2280
2100,2150,547789,550850,-3061
2101,2151,570312,575767,-5455
2102,2152,571020,575129,-4109
2103,2153,561754,565878,-4124
2104,2154,542038,548180,-6141
2105,2155,556072,562337,-6265
2106,2156,571852,575177,-3325
2107,2157,571838,575166,-3328
2108,2158,573193,575705,-2511
2109,2159,578284,581462,-3178
2110,2160,595057,596832,-1775
2111,2161,593995,595637,-1641
2112,2162,554565,556049,-1484
2113,2163,559225,560714,-1489
2114,2164,564680,566808,-2129
2115,2165,569418,571780,-2362
2116,2166,589239,591600,-2361
2117,2167,596064,598400,-2336
2118,2168,607705,610291,-2586
2119,2169,614188,616806,-2618
2120,2170,582962,588620,-5658
2121,2171,593579,599289,-5711
2122,2172,625073,630492,-5418
2123,2173,640258,645343,-5085
2124,2174,640247,645333,-5086
2125,2175,649942,655737,-5794
2126,2176,666682,673612,-6930
2127,2177,669285,678117,-8831
2128,2178,687460,695082,-7622
2129,2179,656001,662463,-6462
2130,2180,678682,685426,-6744
2131,2181,645417,651984,-6566
2132,2182,649472,655453,-5982
2133,2183,608918,614767,-5848
2134,2184,612542,619704,-7162
2135,2185,612623,622357,-9734
2136,2186,610622,622407,-11785
2137,2187,621770,631629,-9859
2138,2188,614379,624061,-9681
2139,2189,621052,630731,-9678
2140,2190,643897,653636,-9739
2141,2191,653737,662178,-8441
2142,2192,668620,676971,-8352
2143,2193,663449,671083,-7634
2144,2194,625447,636299,-10851
2145,2195,631444,642325,-10881
2146,2196,618915,632106,-13190
2147,2197,643744,657074,-13329
2148,2198,619110,627199,-8089
2149,2199,610082,618169,-8087
2150,2200,586584,594959,-8375
2151,2201,586543,594914,-8371
2152,2202,584033,592739,-8706
2153,2203,553398,562305,-8907
2154,2204,557630,566896,-9266
2155,2205,582427,591451,-9025
2156,2206,583310,593025,-9715
2157,2207,604445,614040,-9595
2158,2208,620669,629414,-8745
2159,2209,591528,600587,-9059
2160,2210,602159,611235,-9076
2161,2211,639770,648769,-8999
2162,2212,648204,657180,-8976
2163,2213,637957,646068,-8112
2164,2214,645704,653839,-8135
2165,2215,606694,614617,-7923
2166,2216,610769,619199,-8430
2167,2217,572810,580744,-7935
2168,2218,565998,574798,-8800
2169,2219,582143,589511,-7369
2170,2220,568876,576278,-7402
2171,2221,555634,563248,-7614
2172,2222,570654,577765,-7111
2173,2223,556769,562912,-6143
2174,2224,570575,577805,-7230
2175,2225,556687,564152,-7465
2176,2226,561747,572423,-10676
2177,2227,544347,557583,-13236
2178,2228,553322,566560,-13238
2179,2229,525436,538461,-13025
2180,2230,534393,547450,-13058
2181,2231,540002,553084,-13082
2182,2232,527058,538791,-11733
2183,2233,527056,538786,-11730
2184,2234,496706,504003,-7297
2185,2235,503079,509482,-6403
2186,2236,462170,470638,-8467
2187,2237,466248,475143,-8895
2188,2238,463906,473063,-9158
2189,2239,431306,441218,-9912
2190,2240,458111,466872,-8761
2191,2241,464922,473648,-8726
2192,2242,468822,477067,-8245
2193,2243,479753,487972,-8219
2194,2244,482910,492309,-9399
2195,2245,476135,485529,-9394
2196,2246,440623,450804,-10181
2197,2247,447266,458363,-11097
2198,2248,451775,463461,-11686
2199,2249,475689,488876,-13187
2200,2250,486315,499376,-13061
2201,2251,486302,499365,-13063
2202,2252,490554,503263,-12709
2203,2253,503198,513872,-10674
2204,2254,478039,490166,-12127
2205,2255,500824,514374,-13550
2206,2256,467366,481191,-13825
2207,2257,465633,479387,-13754
2208,2258,463981,477660,-13679
2209,2259,448259,462109,-13850
2210,2260,427269,441031,-13762
2211,2261,418857,432648,-13791
2212,2262,418895,432687,-13792
2213,2263,433473,447394,-13921
2214,2264,429389,442815,-13426
2215,2265,433327,447497,-14171
2216,2266,429510,443445,-13935
2217,2267,417369,432506,-15137
2218,2268,401221,417412,-16191
2219,2269,408030,424201,-16171
2220,2270,415980,432171,-16190
2221,2271,426839,443126,-16287
2222,2272,429596,442932,-13337
2223,2273,429584,442919,-13335
2224,2274,407643,414199,-6555
2225,2275,403448,410931,-7483
2226,2276,387581,395817,-8237
2227,2277,402076,410779,-8703
2228,2278,393090,401825,-8735
2229,2279,388368,397571,-9203
2230,2280,388158,397604,-9447
2231,2281,392115,402529,-10414
2232,2282,398492,423218,-24726
2233,2283,406299,430982,-24684
2234,2284,417326,442086,-24760
2235,2285,441223,465479,-24256
2236,2286,460240,484345,-24105
2237,2287,485368,508580,-23212
2238,2288,470585,493824,-23239
2239,2289,463853,486912,-23059
